CEREBELLUM_LEFT	THALAMUS_LEFT	CAUDATE_LEFT	PUTAMEN_LEFT	PALLIDUM_LEFT	BRAIN_STEM	HIPPOCAMPUS_LEFT	AMYGDALA_LEFT	ACCUMBENS_LEFT	DIENCEPHALON_VENTRAL_LEFT	CEREBELLUM_RIGHT	THALAMUS_RIGHT	CAUDATE_RIGHT	PUTAMEN_RIGHT	PALLIDUM_RIGHT	HIPPOCAMPUS_RIGHT	AMYGDALA_RIGHT	ACCUMBENS_RIGHT	DIENCEPHALON_VENTRAL_RIGHT
n/a	0.2462826818227768	0.18189024925231934	n/a	n/a	n/a	n/a	n/a	n/a	n/a	n/a	n/a	0.14067034423351288	n/a	n/a	n/a	n/a	n/a	n/a
n/a	0.12226361036300659	0.19113647937774658	n/a	n/a	n/a	n/a	n/a	n/a	n/a	n/a	n/a	0.005874271970242262	n/a	n/a	n/a	n/a	n/a	n/a
n/a	0.024278905242681503	0.1690063327550888	n/a	n/a	n/a	n/a	n/a	n/a	n/a	n/a	n/a	-0.134467214345932	n/a	n/a	n/a	n/a	n/a	n/a
n/a	-0.049096520990133286	0.10094510763883591	n/a	n/a	n/a	n/a	n/a	n/a	n/a	n/a	n/a	-0.2706090211868286	n/a	n/a	n/a	n/a	n/a	n/a
n/a	-0.10849183797836304	-0.015621308237314224	n/a	n/a	n/a	n/a	n/a	n/a	n/a	n/a	n/a	-0.3882717788219452	n/a	n/a	n/a	n/a	n/a	n/a
n/a	-0.15256080031394958	-0.1577456295490265	n/a	n/a	n/a	n/a	n/a	n/a	n/a	n/a	n/a	-0.46268534660339355	n/a	n/a	n/a	n/a	n/a	n/a
n/a	-0.16340583562850952	-0.28188803791999817	n/a	n/a	n/a	n/a	n/a	n/a	n/a	n/a	n/a	-0.467304527759552	n/a	n/a	n/a	n/a	n/a	n/a
n/a	-0.1330271065235138	-0.35538697242736816	n/a	n/a	n/a	n/a	n/a	n/a	n/a	n/a	n/a	-0.3976857364177704	n/a	n/a	n/a	n/a	n/a	n/a
n/a	-0.08407186716794968	-0.3763556182384491	n/a	n/a	n/a	n/a	n/a	n/a	n/a	n/a	n/a	-0.2806503474712372	n/a	n/a	n/a	n/a	n/a	n/a
n/a	-0.04825182259082794	-0.35298487544059753	n/a	n/a	n/a	n/a	n/a	n/a	n/a	n/a	n/a	-0.15076224505901337	n/a	n/a	n/a	n/a	n/a	n/a
n/a	-0.03508439660072327	-0.28110194206237793	n/a	n/a	n/a	n/a	n/a	n/a	n/a	n/a	n/a	-0.02621893398463726	n/a	n/a	n/a	n/a	n/a	n/a
n/a	-0.03989831358194351	-0.16079744696617126	n/a	n/a	n/a	n/a	n/a	n/a	n/a	n/a	n/a	0.08410359174013138	n/a	n/a	n/a	n/a	n/a	n/a
n/a	-0.07013005763292313	-0.020197592675685883	n/a	n/a	n/a	n/a	n/a	n/a	n/a	n/a	n/a	0.16605329513549805	n/a	n/a	n/a	n/a	n/a	n/a
n/a	-0.13539472222328186	0.10544179379940033	n/a	n/a	n/a	n/a	n/a	n/a	n/a	n/a	n/a	0.21198827028274536	n/a	n/a	n/a	n/a	n/a	n/a
n/a	-0.2167164832353592	0.20929859578609467	n/a	n/a	n/a	n/a	n/a	n/a	n/a	n/a	n/a	0.23648039996623993	n/a	n/a	n/a	n/a	n/a	n/a
n/a	-0.27622002363204956	0.3002298176288605	n/a	n/a	n/a	n/a	n/a	n/a	n/a	n/a	n/a	0.259439080953598	n/a	n/a	n/a	n/a	n/a	n/a
n/a	-0.29187458753585815	0.3712283968925476	n/a	n/a	n/a	n/a	n/a	n/a	n/a	n/a	n/a	0.2814909815788269	n/a	n/a	n/a	n/a	n/a	n/a
n/a	-0.2547229528427124	0.41388824582099915	n/a	n/a	n/a	n/a	n/a	n/a	n/a	n/a	n/a	0.29484111070632935	n/a	n/a	n/a	n/a	n/a	n/a
n/a	-0.14933636784553528	0.4431440234184265	n/a	n/a	n/a	n/a	n/a	n/a	n/a	n/a	n/a	0.3055970072746277	n/a	n/a	n/a	n/a	n/a	n/a
n/a	0.026108434423804283	0.4718153476715088	n/a	n/a	n/a	n/a	n/a	n/a	n/a	n/a	n/a	0.32214659452438354	n/a	n/a	n/a	n/a	n/a	n/a
n/a	0.23586884140968323	0.48544803261756897	n/a	n/a	n/a	n/a	n/a	n/a	n/a	n/a	n/a	0.3372597098350525	n/a	n/a	n/a	n/a	n/a	n/a
n/a	0.4344058632850647	0.4729098081588745	n/a	n/a	n/a	n/a	n/a	n/a	n/a	n/a	n/a	0.3445222079753876	n/a	n/a	n/a	n/a	n/a	n/a
n/a	0.5991377234458923	0.4491000771522522	n/a	n/a	n/a	n/a	n/a	n/a	n/a	n/a	n/a	0.3518345057964325	n/a	n/a	n/a	n/a	n/a	n/a
n/a	0.7096039652824402	0.4158366024494171	n/a	n/a	n/a	n/a	n/a	n/a	n/a	n/a	n/a	0.35704663395881653	n/a	n/a	n/a	n/a	n/a	n/a
n/a	0.7256143093109131	0.3370272219181061	n/a	n/a	n/a	n/a	n/a	n/a	n/a	n/a	n/a	0.334678053855896	n/a	n/a	n/a	n/a	n/a	n/a
n/a	0.6241174936294556	0.18941174447536469	n/a	n/a	n/a	n/a	n/a	n/a	n/a	n/a	n/a	0.27003178000450134	n/a	n/a	n/a	n/a	n/a	n/a
n/a	0.4322737455368042	0.0019335843389853835	n/a	n/a	n/a	n/a	n/a	n/a	n/a	n/a	n/a	0.18259882926940918	n/a	n/a	n/a	n/a	n/a	n/a
n/a	0.1923183798789978	-0.18584491312503815	n/a	n/a	n/a	n/a	n/a	n/a	n/a	n/a	n/a	0.09589432179927826	n/a	n/a	n/a	n/a	n/a	n/a
n/a	-0.07874829322099686	-0.36307859420776367	n/a	n/a	n/a	n/a	n/a	n/a	n/a	n/a	n/a	0.011060058139264584	n/a	n/a	n/a	n/a	n/a	n/a
n/a	-0.36896777153015137	-0.5194999575614929	n/a	n/a	n/a	n/a	n/a	n/a	n/a	n/a	n/a	-0.07354770600795746	n/a	n/a	n/a	n/a	n/a	n/a
n/a	-0.6385191679000854	-0.621818482875824	n/a	n/a	n/a	n/a	n/a	n/a	n/a	n/a	n/a	-0.14505669474601746	n/a	n/a	n/a	n/a	n/a	n/a
n/a	-0.8330228328704834	-0.6497146487236023	n/a	n/a	n/a	n/a	n/a	n/a	n/a	n/a	n/a	-0.19408614933490753	n/a	n/a	n/a	n/a	n/a	n/a
n/a	-0.9162047505378723	-0.6247894763946533	n/a	n/a	n/a	n/a	n/a	n/a	n/a	n/a	n/a	-0.23054173588752747	n/a	n/a	n/a	n/a	n/a	n/a
n/a	-0.8790357708930969	-0.5824769139289856	n/a	n/a	n/a	n/a	n/a	n/a	n/a	n/a	n/a	-0.27271029353141785	n/a	n/a	n/a	n/a	n/a	n/a
n/a	-0.7384071946144104	-0.5432273745536804	n/a	n/a	n/a	n/a	n/a	n/a	n/a	n/a	n/a	-0.33361661434173584	n/a	n/a	n/a	n/a	n/a	n/a
n/a	-0.5375628471374512	-0.5204026103019714	n/a	n/a	n/a	n/a	n/a	n/a	n/a	n/a	n/a	-0.41827449202537537	n/a	n/a	n/a	n/a	n/a	n/a
n/a	-0.32941216230392456	-0.5221247673034668	n/a	n/a	n/a	n/a	n/a	n/a	n/a	n/a	n/a	-0.519162118434906	n/a	n/a	n/a	n/a	n/a	n/a
n/a	-0.15205265581607819	-0.5305567383766174	n/a	n/a	n/a	n/a	n/a	n/a	n/a	n/a	n/a	-0.6125034689903259	n/a	n/a	n/a	n/a	n/a	n/a
n/a	-0.025319956243038177	-0.5024564266204834	n/a	n/a	n/a	n/a	n/a	n/a	n/a	n/a	n/a	-0.6703721880912781	n/a	n/a	n/a	n/a	n/a	n/a
n/a	0.033319152891635895	-0.40778228640556335	n/a	n/a	n/a	n/a	n/a	n/a	n/a	n/a	n/a	-0.6816718578338623	n/a	n/a	n/a	n/a	n/a	n/a
n/a	0.003479759441688657	-0.25452274084091187	n/a	n/a	n/a	n/a	n/a	n/a	n/a	n/a	n/a	-0.6548708081245422	n/a	n/a	n/a	n/a	n/a	n/a
n/a	-0.10992591083049774	-0.06060601398348808	n/a	n/a	n/a	n/a	n/a	n/a	n/a	n/a	n/a	-0.5925916433334351	n/a	n/a	n/a	n/a	n/a	n/a
n/a	-0.25314393639564514	0.17250028252601624	n/a	n/a	n/a	n/a	n/a	n/a	n/a	n/a	n/a	-0.47811374068260193	n/a	n/a	n/a	n/a	n/a	n/a
n/a	-0.36162447929382324	0.428946316242218	n/a	n/a	n/a	n/a	n/a	n/a	n/a	n/a	n/a	-0.3074013292789459	n/a	n/a	n/a	n/a	n/a	n/a
n/a	-0.4197772443294525	0.646731972694397	n/a	n/a	n/a	n/a	n/a	n/a	n/a	n/a	n/a	-0.11973894387483597	n/a	n/a	n/a	n/a	n/a	n/a
n/a	-0.4592747986316681	0.7527921795845032	n/a	n/a	n/a	n/a	n/a	n/a	n/a	n/a	n/a	0.025801118463277817	n/a	n/a	n/a	n/a	n/a	n/a
n/a	-0.506030261516571	0.7208892703056335	n/a	n/a	n/a	n/a	n/a	n/a	n/a	n/a	n/a	0.09609163552522659	n/a	n/a	n/a	n/a	n/a	n/a
n/a	-0.5532867312431335	0.5749473571777344	n/a	n/a	n/a	n/a	n/a	n/a	n/a	n/a	n/a	0.09289442747831345	n/a	n/a	n/a	n/a	n/a	n/a
n/a	-0.5894362330436707	0.34941574931144714	n/a	n/a	n/a	n/a	n/a	n/a	n/a	n/a	n/a	0.02681794762611389	n/a	n/a	n/a	n/a	n/a	n/a
n/a	-0.6237881183624268	0.07526892423629761	n/a	n/a	n/a	n/a	n/a	n/a	n/a	n/a	n/a	-0.09399687498807907	n/a	n/a	n/a	n/a	n/a	n/a
n/a	-0.6590968370437622	-0.19908109307289124	n/a	n/a	n/a	n/a	n/a	n/a	n/a	n/a	n/a	-0.24433933198451996	n/a	n/a	n/a	n/a	n/a	n/a
n/a	-0.6612101793289185	-0.4117453098297119	n/a	n/a	n/a	n/a	n/a	n/a	n/a	n/a	n/a	-0.37530621886253357	n/a	n/a	n/a	n/a	n/a	n/a
n/a	-0.5913826823234558	-0.5282544493675232	n/a	n/a	n/a	n/a	n/a	n/a	n/a	n/a	n/a	-0.4457548260688782	n/a	n/a	n/a	n/a	n/a	n/a
n/a	-0.4555697739124298	-0.5592042803764343	n/a	n/a	n/a	n/a	n/a	n/a	n/a	n/a	n/a	-0.45003488659858704	n/a	n/a	n/a	n/a	n/a	n/a
n/a	-0.2949199080467224	-0.5332861542701721	n/a	n/a	n/a	n/a	n/a	n/a	n/a	n/a	n/a	-0.40604570508003235	n/a	n/a	n/a	n/a	n/a	n/a
n/a	-0.14190472662448883	-0.4718603789806366	n/a	n/a	n/a	n/a	n/a	n/a	n/a	n/a	n/a	-0.33147117495536804	n/a	n/a	n/a	n/a	n/a	n/a
n/a	-0.015605899505317211	-0.39897236227989197	n/a	n/a	n/a	n/a	n/a	n/a	n/a	n/a	n/a	-0.24770380556583405	n/a	n/a	n/a	n/a	n/a	n/a
n/a	0.05389101058244705	-0.3543950021266937	n/a	n/a	n/a	n/a	n/a	n/a	n/a	n/a	n/a	-0.19121301174163818	n/a	n/a	n/a	n/a	n/a	n/a
n/a	0.037361931055784225	-0.36804819107055664	n/a	n/a	n/a	n/a	n/a	n/a	n/a	n/a	n/a	-0.19113044440746307	n/a	n/a	n/a	n/a	n/a	n/a
n/a	-0.05610460042953491	-0.43006205558776855	n/a	n/a	n/a	n/a	n/a	n/a	n/a	n/a	n/a	-0.23699776828289032	n/a	n/a	n/a	n/a	n/a	n/a
n/a	-0.17036831378936768	-0.4986116588115692	n/a	n/a	n/a	n/a	n/a	n/a	n/a	n/a	n/a	-0.2782350778579712	n/a	n/a	n/a	n/a	n/a	n/a
n/a	-0.22969113290309906	-0.5200322270393372	n/a	n/a	n/a	n/a	n/a	n/a	n/a	n/a	n/a	-0.2502705454826355	n/a	n/a	n/a	n/a	n/a	n/a
n/a	-0.18212299048900604	-0.44563186168670654	n/a	n/a	n/a	n/a	n/a	n/a	n/a	n/a	n/a	-0.11531388759613037	n/a	n/a	n/a	n/a	n/a	n/a
n/a	-0.03611258417367935	-0.26775768399238586	n/a	n/a	n/a	n/a	n/a	n/a	n/a	n/a	n/a	0.0970652773976326	n/a	n/a	n/a	n/a	n/a	n/a
n/a	0.13633331656455994	-0.046483639627695084	n/a	n/a	n/a	n/a	n/a	n/a	n/a	n/a	n/a	0.294259250164032	n/a	n/a	n/a	n/a	n/a	n/a
n/a	0.25638559460639954	0.13911429047584534	n/a	n/a	n/a	n/a	n/a	n/a	n/a	n/a	n/a	0.3971623480319977	n/a	n/a	n/a	n/a	n/a	n/a
n/a	0.3089178502559662	0.26690617203712463	n/a	n/a	n/a	n/a	n/a	n/a	n/a	n/a	n/a	0.41244226694107056	n/a	n/a	n/a	n/a	n/a	n/a
n/a	0.327076256275177	0.3594491481781006	n/a	n/a	n/a	n/a	n/a	n/a	n/a	n/a	n/a	0.399247944355011	n/a	n/a	n/a	n/a	n/a	n/a
n/a	0.32578712701797485	0.4180630147457123	n/a	n/a	n/a	n/a	n/a	n/a	n/a	n/a	n/a	0.38719692826271057	n/a	n/a	n/a	n/a	n/a	n/a
n/a	0.2913183867931366	0.4150071144104004	n/a	n/a	n/a	n/a	n/a	n/a	n/a	n/a	n/a	0.36377063393592834	n/a	n/a	n/a	n/a	n/a	n/a
n/a	0.2115153670310974	0.3345879316329956	n/a	n/a	n/a	n/a	n/a	n/a	n/a	n/a	n/a	0.3146357536315918	n/a	n/a	n/a	n/a	n/a	n/a
n/a	0.09739410132169724	0.19898970425128937	n/a	n/a	n/a	n/a	n/a	n/a	n/a	n/a	n/a	0.2491046041250229	n/a	n/a	n/a	n/a	n/a	n/a
n/a	-0.00873909704387188	0.06420841813087463	n/a	n/a	n/a	n/a	n/a	n/a	n/a	n/a	n/a	0.1993076503276825	n/a	n/a	n/a	n/a	n/a	n/a
n/a	-0.05952194705605507	-0.012841885909438133	n/a	n/a	n/a	n/a	n/a	n/a	n/a	n/a	n/a	0.19420388340950012	n/a	n/a	n/a	n/a	n/a	n/a
n/a	-0.04876605048775673	-0.013123933225870132	n/a	n/a	n/a	n/a	n/a	n/a	n/a	n/a	n/a	0.22842496633529663	n/a	n/a	n/a	n/a	n/a	n/a
n/a	-0.017336808145046234	0.04254186898469925	n/a	n/a	n/a	n/a	n/a	n/a	n/a	n/a	n/a	0.2651172876358032	n/a	n/a	n/a	n/a	n/a	n/a
n/a	-0.017928633838891983	0.11618760228157043	n/a	n/a	n/a	n/a	n/a	n/a	n/a	n/a	n/a	0.26183897256851196	n/a	n/a	n/a	n/a	n/a	n/a
n/a	-0.08657387644052505	0.16402588784694672	n/a	n/a	n/a	n/a	n/a	n/a	n/a	n/a	n/a	0.18403686583042145	n/a	n/a	n/a	n/a	n/a	n/a
n/a	-0.23229674994945526	0.15146952867507935	n/a	n/a	n/a	n/a	n/a	n/a	n/a	n/a	n/a	0.013442667201161385	n/a	n/a	n/a	n/a	n/a	n/a
n/a	-0.43073925375938416	0.07756611704826355	n/a	n/a	n/a	n/a	n/a	n/a	n/a	n/a	n/a	-0.2364496886730194	n/a	n/a	n/a	n/a	n/a	n/a
n/a	-0.6279106140136719	-0.028550606220960617	n/a	n/a	n/a	n/a	n/a	n/a	n/a	n/a	n/a	-0.5181139707565308	n/a	n/a	n/a	n/a	n/a	n/a
n/a	-0.7565310597419739	-0.12982241809368134	n/a	n/a	n/a	n/a	n/a	n/a	n/a	n/a	n/a	-0.7632185816764832	n/a	n/a	n/a	n/a	n/a	n/a
n/a	-0.7570918798446655	-0.1890563666820526	n/a	n/a	n/a	n/a	n/a	n/a	n/a	n/a	n/a	-0.9006180167198181	n/a	n/a	n/a	n/a	n/a	n/a
n/a	-0.6056393384933472	-0.180751234292984	n/a	n/a	n/a	n/a	n/a	n/a	n/a	n/a	n/a	-0.8860620260238647	n/a	n/a	n/a	n/a	n/a	n/a
n/a	-0.3373579978942871	-0.11684231460094452	n/a	n/a	n/a	n/a	n/a	n/a	n/a	n/a	n/a	-0.7301585078239441	n/a	n/a	n/a	n/a	n/a	n/a
n/a	-0.04096386954188347	-0.04698473960161209	n/a	n/a	n/a	n/a	n/a	n/a	n/a	n/a	n/a	-0.4943382143974304	n/a	n/a	n/a	n/a	n/a	n/a
n/a	0.17777124047279358	-0.013688786886632442	n/a	n/a	n/a	n/a	n/a	n/a	n/a	n/a	n/a	-0.25463658571243286	n/a	n/a	n/a	n/a	n/a	n/a
n/a	0.24149082601070404	-0.015443224459886551	n/a	n/a	n/a	n/a	n/a	n/a	n/a	n/a	n/a	-0.06543037295341492	n/a	n/a	n/a	n/a	n/a	n/a
n/a	0.15860827267169952	-0.017926495522260666	n/a	n/a	n/a	n/a	n/a	n/a	n/a	n/a	n/a	0.06148163229227066	n/a	n/a	n/a	n/a	n/a	n/a
n/a	0.04915619269013405	0.017664125189185143	n/a	n/a	n/a	n/a	n/a	n/a	n/a	n/a	n/a	0.15780238807201385	n/a	n/a	n/a	n/a	n/a	n/a
n/a	0.04366099089384079	0.1106562539935112	n/a	n/a	n/a	n/a	n/a	n/a	n/a	n/a	n/a	0.26008856296539307	n/a	n/a	n/a	n/a	n/a	n/a
n/a	0.15621820092201233	0.2535359859466553	n/a	n/a	n/a	n/a	n/a	n/a	n/a	n/a	n/a	0.3703973591327667	n/a	n/a	n/a	n/a	n/a	n/a
n/a	0.3114566206932068	0.42865318059921265	n/a	n/a	n/a	n/a	n/a	n/a	n/a	n/a	n/a	0.4708343744277954	n/a	n/a	n/a	n/a	n/a	n/a
n/a	0.44015341997146606	0.6132491827011108	n/a	n/a	n/a	n/a	n/a	n/a	n/a	n/a	n/a	0.548629105091095	n/a	n/a	n/a	n/a	n/a	n/a
n/a	0.5041155219078064	0.7653490304946899	n/a	n/a	n/a	n/a	n/a	n/a	n/a	n/a	n/a	0.5887485146522522	n/a	n/a	n/a	n/a	n/a	n/a
n/a	0.4950721561908722	0.8287492990493774	n/a	n/a	n/a	n/a	n/a	n/a	n/a	n/a	n/a	0.5709489583969116	n/a	n/a	n/a	n/a	n/a	n/a
n/a	0.4414900243282318	0.7649533748626709	n/a	n/a	n/a	n/a	n/a	n/a	n/a	n/a	n/a	0.4892101287841797	n/a	n/a	n/a	n/a	n/a	n/a
n/a	0.38003748655319214	0.578444242477417	n/a	n/a	n/a	n/a	n/a	n/a	n/a	n/a	n/a	0.3602634370326996	n/a	n/a	n/a	n/a	n/a	n/a
n/a	0.309440553188324	0.3048606216907501	n/a	n/a	n/a	n/a	n/a	n/a	n/a	n/a	n/a	0.20303964614868164	n/a	n/a	n/a	n/a	n/a	n/a
n/a	0.18956910073757172	-0.018915412947535515	n/a	n/a	n/a	n/a	n/a	n/a	n/a	n/a	n/a	0.017223140224814415	n/a	n/a	n/a	n/a	n/a	n/a
n/a	-0.008506203070282936	-0.35614147782325745	n/a	n/a	n/a	n/a	n/a	n/a	n/a	n/a	n/a	-0.1998363435268402	n/a	n/a	n/a	n/a	n/a	n/a
n/a	-0.2686987817287445	-0.6548611521720886	n/a	n/a	n/a	n/a	n/a	n/a	n/a	n/a	n/a	-0.42401623725891113	n/a	n/a	n/a	n/a	n/a	n/a
n/a	-0.5494805574417114	-0.8579181432723999	n/a	n/a	n/a	n/a	n/a	n/a	n/a	n/a	n/a	-0.6136084794998169	n/a	n/a	n/a	n/a	n/a	n/a
n/a	-0.8040298223495483	-0.9262821674346924	n/a	n/a	n/a	n/a	n/a	n/a	n/a	n/a	n/a	-0.7329134941101074	n/a	n/a	n/a	n/a	n/a	n/a
n/a	-0.9822285771369934	-0.8519812226295471	n/a	n/a	n/a	n/a	n/a	n/a	n/a	n/a	n/a	-0.7596852779388428	n/a	n/a	n/a	n/a	n/a	n/a
n/a	-1.0457384586334229	-0.6579933166503906	n/a	n/a	n/a	n/a	n/a	n/a	n/a	n/a	n/a	-0.6891084313392639	n/a	n/a	n/a	n/a	n/a	n/a
n/a	-0.9760288596153259	-0.38557398319244385	n/a	n/a	n/a	n/a	n/a	n/a	n/a	n/a	n/a	-0.5327160358428955	n/a	n/a	n/a	n/a	n/a	n/a
n/a	-0.7641562223434448	-0.08018851280212402	n/a	n/a	n/a	n/a	n/a	n/a	n/a	n/a	n/a	-0.3051029443740845	n/a	n/a	n/a	n/a	n/a	n/a
n/a	-0.4134586453437805	0.2207438349723816	n/a	n/a	n/a	n/a	n/a	n/a	n/a	n/a	n/a	-0.011144736781716347	n/a	n/a	n/a	n/a	n/a	n/a
n/a	0.0251983143389225	0.4754723012447357	n/a	n/a	n/a	n/a	n/a	n/a	n/a	n/a	n/a	0.32402509450912476	n/a	n/a	n/a	n/a	n/a	n/a
n/a	0.41875606775283813	0.5846123099327087	n/a	n/a	n/a	n/a	n/a	n/a	n/a	n/a	n/a	0.5820673108100891	n/a	n/a	n/a	n/a	n/a	n/a
n/a	0.6043680310249329	0.4273417890071869	n/a	n/a	n/a	n/a	n/a	n/a	n/a	n/a	n/a	0.5807592868804932	n/a	n/a	n/a	n/a	n/a	n/a
n/a	0.5110846161842346	0.039884645491838455	n/a	n/a	n/a	n/a	n/a	n/a	n/a	n/a	n/a	0.25638851523399353	n/a	n/a	n/a	n/a	n/a	n/a
n/a	0.21775290369987488	-0.33944904804229736	n/a	n/a	n/a	n/a	n/a	n/a	n/a	n/a	n/a	-0.2314140796661377	n/a	n/a	n/a	n/a	n/a	n/a
n/a	-0.10654287785291672	-0.47994500398635864	n/a	n/a	n/a	n/a	n/a	n/a	n/a	n/a	n/a	-0.6168597340583801	n/a	n/a	n/a	n/a	n/a	n/a
n/a	-0.3146647810935974	-0.3384641110897064	n/a	n/a	n/a	n/a	n/a	n/a	n/a	n/a	n/a	-0.7148582935333252	n/a	n/a	n/a	n/a	n/a	n/a
n/a	-0.34810712933540344	-0.04406516253948212	n/a	n/a	n/a	n/a	n/a	n/a	n/a	n/a	n/a	-0.5072221755981445	n/a	n/a	n/a	n/a	n/a	n/a
n/a	-0.23282885551452637	0.2245423048734665	n/a	n/a	n/a	n/a	n/a	n/a	n/a	n/a	n/a	-0.11747220903635025	n/a	n/a	n/a	n/a	n/a	n/a
n/a	-0.05091966316103935	0.36166617274284363	n/a	n/a	n/a	n/a	n/a	n/a	n/a	n/a	n/a	0.26976197957992554	n/a	n/a	n/a	n/a	n/a	n/a
n/a	0.08002852648496628	0.34603410959243774	n/a	n/a	n/a	n/a	n/a	n/a	n/a	n/a	n/a	0.4929288923740387	n/a	n/a	n/a	n/a	n/a	n/a
n/a	0.050116654485464096	0.1827973574399948	n/a	n/a	n/a	n/a	n/a	n/a	n/a	n/a	n/a	0.4693683385848999	n/a	n/a	n/a	n/a	n/a	n/a
n/a	-0.14691612124443054	-0.0644143745303154	n/a	n/a	n/a	n/a	n/a	n/a	n/a	n/a	n/a	0.2377346158027649	n/a	n/a	n/a	n/a	n/a	n/a
n/a	-0.3641107976436615	-0.23710712790489197	n/a	n/a	n/a	n/a	n/a	n/a	n/a	n/a	n/a	-0.04572795704007149	n/a	n/a	n/a	n/a	n/a	n/a
n/a	-0.3858719766139984	-0.20366732776165009	n/a	n/a	n/a	n/a	n/a	n/a	n/a	n/a	n/a	-0.21268098056316376	n/a	n/a	n/a	n/a	n/a	n/a
n/a	-0.11190598458051682	-0.005225269123911858	n/a	n/a	n/a	n/a	n/a	n/a	n/a	n/a	n/a	-0.20064152777194977	n/a	n/a	n/a	n/a	n/a	n/a
n/a	0.3091861307621002	0.21113665401935577	n/a	n/a	n/a	n/a	n/a	n/a	n/a	n/a	n/a	-0.05969129130244255	n/a	n/a	n/a	n/a	n/a	n/a
n/a	0.6201613545417786	0.36346182227134705	n/a	n/a	n/a	n/a	n/a	n/a	n/a	n/a	n/a	0.12602195143699646	n/a	n/a	n/a	n/a	n/a	n/a
n/a	0.7031055092811584	0.4344673156738281	n/a	n/a	n/a	n/a	n/a	n/a	n/a	n/a	n/a	0.28623121976852417	n/a	n/a	n/a	n/a	n/a	n/a
n/a	0.5767411589622498	0.39485424757003784	n/a	n/a	n/a	n/a	n/a	n/a	n/a	n/a	n/a	0.3624800741672516	n/a	n/a	n/a	n/a	n/a	n/a
n/a	0.2860413193702698	0.2369774878025055	n/a	n/a	n/a	n/a	n/a	n/a	n/a	n/a	n/a	0.32732194662094116	n/a	n/a	n/a	n/a	n/a	n/a
n/a	-0.08957205712795258	0.02422960102558136	n/a	n/a	n/a	n/a	n/a	n/a	n/a	n/a	n/a	0.2147507518529892	n/a	n/a	n/a	n/a	n/a	n/a
n/a	-0.42061859369277954	-0.1451444774866104	n/a	n/a	n/a	n/a	n/a	n/a	n/a	n/a	n/a	0.0992053970694542	n/a	n/a	n/a	n/a	n/a	n/a
n/a	-0.5927072167396545	-0.21774731576442719	n/a	n/a	n/a	n/a	n/a	n/a	n/a	n/a	n/a	0.03347592055797577	n/a	n/a	n/a	n/a	n/a	n/a
n/a	-0.5684064626693726	-0.21068619191646576	n/a	n/a	n/a	n/a	n/a	n/a	n/a	n/a	n/a	0.019415130838751793	n/a	n/a	n/a	n/a	n/a	n/a
n/a	-0.3752354681491852	-0.16404162347316742	n/a	n/a	n/a	n/a	n/a	n/a	n/a	n/a	n/a	0.037626612931489944	n/a	n/a	n/a	n/a	n/a	n/a
n/a	-0.06825434416532516	-0.09508908540010452	n/a	n/a	n/a	n/a	n/a	n/a	n/a	n/a	n/a	0.08098912984132767	n/a	n/a	n/a	n/a	n/a	n/a
n/a	0.2683960795402527	0.004138797055929899	n/a	n/a	n/a	n/a	n/a	n/a	n/a	n/a	n/a	0.1467759609222412	n/a	n/a	n/a	n/a	n/a	n/a
n/a	0.5183137059211731	0.13389606773853302	n/a	n/a	n/a	n/a	n/a	n/a	n/a	n/a	n/a	0.21125252544879913	n/a	n/a	n/a	n/a	n/a	n/a
n/a	0.6029954552650452	0.27755963802337646	n/a	n/a	n/a	n/a	n/a	n/a	n/a	n/a	n/a	0.251423716545105	n/a	n/a	n/a	n/a	n/a	n/a
n/a	0.5507385730743408	0.42376020550727844	n/a	n/a	n/a	n/a	n/a	n/a	n/a	n/a	n/a	0.2780233323574066	n/a	n/a	n/a	n/a	n/a	n/a
n/a	0.44410014152526855	0.5491477847099304	n/a	n/a	n/a	n/a	n/a	n/a	n/a	n/a	n/a	0.3011090159416199	n/a	n/a	n/a	n/a	n/a	n/a
n/a	0.33636173605918884	0.6070336103439331	n/a	n/a	n/a	n/a	n/a	n/a	n/a	n/a	n/a	0.3008615970611572	n/a	n/a	n/a	n/a	n/a	n/a
n/a	0.24368122220039368	0.5646085739135742	n/a	n/a	n/a	n/a	n/a	n/a	n/a	n/a	n/a	0.25700119137763977	n/a	n/a	n/a	n/a	n/a	n/a
n/a	0.1715807467699051	0.4275473952293396	n/a	n/a	n/a	n/a	n/a	n/a	n/a	n/a	n/a	0.17673327028751373	n/a	n/a	n/a	n/a	n/a	n/a
n/a	0.1395108550786972	0.24424909055233002	n/a	n/a	n/a	n/a	n/a	n/a	n/a	n/a	n/a	0.09803052246570587	n/a	n/a	n/a	n/a	n/a	n/a
n/a	0.17153805494308472	0.0814778283238411	n/a	n/a	n/a	n/a	n/a	n/a	n/a	n/a	n/a	0.05717058479785919	n/a	n/a	n/a	n/a	n/a	n/a
n/a	0.24121996760368347	-0.03366316854953766	n/a	n/a	n/a	n/a	n/a	n/a	n/a	n/a	n/a	0.03984423354268074	n/a	n/a	n/a	n/a	n/a	n/a
n/a	0.2580980658531189	-0.11876275390386581	n/a	n/a	n/a	n/a	n/a	n/a	n/a	n/a	n/a	-0.001969566335901618	n/a	n/a	n/a	n/a	n/a	n/a
n/a	0.16823208332061768	-0.14643456041812897	n/a	n/a	n/a	n/a	n/a	n/a	n/a	n/a	n/a	-0.05866656452417374	n/a	n/a	n/a	n/a	n/a	n/a
n/a	0.08028724789619446	-0.008841627277433872	n/a	n/a	n/a	n/a	n/a	n/a	n/a	n/a	n/a	-0.009124884381890297	n/a	n/a	n/a	n/a	n/a	n/a
n/a	0.15835867822170258	0.27989187836647034	n/a	n/a	n/a	n/a	n/a	n/a	n/a	n/a	n/a	0.22237539291381836	n/a	n/a	n/a	n/a	n/a	n/a
n/a	0.3344734311103821	0.439405620098114	n/a	n/a	n/a	n/a	n/a	n/a	n/a	n/a	n/a	0.4386214017868042	n/a	n/a	n/a	n/a	n/a	n/a
n/a	0.352445125579834	0.2565562427043915	n/a	n/a	n/a	n/a	n/a	n/a	n/a	n/a	n/a	0.356059193611145	n/a	n/a	n/a	n/a	n/a	n/a
n/a	0.10211103409528732	-0.07922340929508209	n/a	n/a	n/a	n/a	n/a	n/a	n/a	n/a	n/a	0.0009414830710738897	n/a	n/a	n/a	n/a	n/a	n/a
n/a	-0.28298136591911316	-0.2305580973625183	n/a	n/a	n/a	n/a	n/a	n/a	n/a	n/a	n/a	-0.34937024116516113	n/a	n/a	n/a	n/a	n/a	n/a
n/a	-0.5226583480834961	-0.125542551279068	n/a	n/a	n/a	n/a	n/a	n/a	n/a	n/a	n/a	-0.47364526987075806	n/a	n/a	n/a	n/a	n/a	n/a
n/a	-0.3468071222305298	0.06428695470094681	n/a	n/a	n/a	n/a	n/a	n/a	n/a	n/a	n/a	-0.299854040145874	n/a	n/a	n/a	n/a	n/a	n/a
n/a	0.2003832459449768	0.20632025599479675	n/a	n/a	n/a	n/a	n/a	n/a	n/a	n/a	n/a	0.09203454107046127	n/a	n/a	n/a	n/a	n/a	n/a
n/a	0.7115564942359924	0.2768150269985199	n/a	n/a	n/a	n/a	n/a	n/a	n/a	n/a	n/a	0.478630930185318	n/a	n/a	n/a	n/a	n/a	n/a
n/a	0.834001898765564	0.2491200715303421	n/a	n/a	n/a	n/a	n/a	n/a	n/a	n/a	n/a	0.6330639123916626	n/a	n/a	n/a	n/a	n/a	n/a
n/a	0.546283483505249	0.09604065865278244	n/a	n/a	n/a	n/a	n/a	n/a	n/a	n/a	n/a	0.48131299018859863	n/a	n/a	n/a	n/a	n/a	n/a
n/a	0.04157222807407379	-0.14696422219276428	n/a	n/a	n/a	n/a	n/a	n/a	n/a	n/a	n/a	0.11164821684360504	n/a	n/a	n/a	n/a	n/a	n/a
n/a	-0.4328675866127014	-0.38239532709121704	n/a	n/a	n/a	n/a	n/a	n/a	n/a	n/a	n/a	-0.29831036925315857	n/a	n/a	n/a	n/a	n/a	n/a
n/a	-0.6622552871704102	-0.48877644538879395	n/a	n/a	n/a	n/a	n/a	n/a	n/a	n/a	n/a	-0.5576291084289551	n/a	n/a	n/a	n/a	n/a	n/a
n/a	-0.5348392724990845	-0.3811911940574646	n/a	n/a	n/a	n/a	n/a	n/a	n/a	n/a	n/a	-0.5403563976287842	n/a	n/a	n/a	n/a	n/a	n/a
n/a	-0.0993659645318985	-0.06292456388473511	n/a	n/a	n/a	n/a	n/a	n/a	n/a	n/a	n/a	-0.24265986680984497	n/a	n/a	n/a	n/a	n/a	n/a
n/a	0.39883941411972046	0.36451098322868347	n/a	n/a	n/a	n/a	n/a	n/a	n/a	n/a	n/a	0.19883933663368225	n/a	n/a	n/a	n/a	n/a	n/a
n/a	0.6334182024002075	0.6789802312850952	n/a	n/a	n/a	n/a	n/a	n/a	n/a	n/a	n/a	0.5325182676315308	n/a	n/a	n/a	n/a	n/a	n/a
n/a	0.5141230225563049	0.6039714217185974	n/a	n/a	n/a	n/a	n/a	n/a	n/a	n/a	n/a	0.5260998606681824	n/a	n/a	n/a	n/a	n/a	n/a
n/a	0.2853407561779022	0.1445881873369217	n/a	n/a	n/a	n/a	n/a	n/a	n/a	n/a	n/a	0.20158518850803375	n/a	n/a	n/a	n/a	n/a	n/a
n/a	0.16538384556770325	-0.31536945700645447	n/a	n/a	n/a	n/a	n/a	n/a	n/a	n/a	n/a	-0.14129996299743652	n/a	n/a	n/a	n/a	n/a	n/a
n/a	0.1025872603058815	-0.4592117369174957	n/a	n/a	n/a	n/a	n/a	n/a	n/a	n/a	n/a	-0.23507378995418549	n/a	n/a	n/a	n/a	n/a	n/a
n/a	-0.0071057770401239395	-0.2927916646003723	n/a	n/a	n/a	n/a	n/a	n/a	n/a	n/a	n/a	-0.08806142210960388	n/a	n/a	n/a	n/a	n/a	n/a
n/a	-0.1301349699497223	0.0045538912527263165	n/a	n/a	n/a	n/a	n/a	n/a	n/a	n/a	n/a	0.08846094459295273	n/a	n/a	n/a	n/a	n/a	n/a
n/a	-0.17793256044387817	0.23690247535705566	n/a	n/a	n/a	n/a	n/a	n/a	n/a	n/a	n/a	0.1281764954328537	n/a	n/a	n/a	n/a	n/a	n/a
n/a	-0.09214165061712265	0.30506089329719543	n/a	n/a	n/a	n/a	n/a	n/a	n/a	n/a	n/a	0.06270309537649155	n/a	n/a	n/a	n/a	n/a	n/a
n/a	0.12446614354848862	0.2546869218349457	n/a	n/a	n/a	n/a	n/a	n/a	n/a	n/a	n/a	0.028714364394545555	n/a	n/a	n/a	n/a	n/a	n/a
n/a	0.3849726915359497	0.18933416903018951	n/a	n/a	n/a	n/a	n/a	n/a	n/a	n/a	n/a	0.09624267369508743	n/a	n/a	n/a	n/a	n/a	n/a
n/a	0.5460565090179443	0.1255750060081482	n/a	n/a	n/a	n/a	n/a	n/a	n/a	n/a	n/a	0.19442585110664368	n/a	n/a	n/a	n/a	n/a	n/a
n/a	0.4865424931049347	-0.0069821360521018505	n/a	n/a	n/a	n/a	n/a	n/a	n/a	n/a	n/a	0.1743958592414856	n/a	n/a	n/a	n/a	n/a	n/a
n/a	0.2407895028591156	-0.1752917617559433	n/a	n/a	n/a	n/a	n/a	n/a	n/a	n/a	n/a	0.00931507721543312	n/a	n/a	n/a	n/a	n/a	n/a
n/a	-0.0022579601500183344	-0.20754478871822357	n/a	n/a	n/a	n/a	n/a	n/a	n/a	n/a	n/a	-0.13710762560367584	n/a	n/a	n/a	n/a	n/a	n/a
n/a	-0.12195052206516266	-0.04552241042256355	n/a	n/a	n/a	n/a	n/a	n/a	n/a	n/a	n/a	-0.14199697971343994	n/a	n/a	n/a	n/a	n/a	n/a
n/a	-0.15327027440071106	0.1517079621553421	n/a	n/a	n/a	n/a	n/a	n/a	n/a	n/a	n/a	-0.06763768941164017	n/a	n/a	n/a	n/a	n/a	n/a
n/a	-0.1429462730884552	0.22315512597560883	n/a	n/a	n/a	n/a	n/a	n/a	n/a	n/a	n/a	-0.013668711297214031	n/a	n/a	n/a	n/a	n/a	n/a
n/a	-0.08021827042102814	0.16604863107204437	n/a	n/a	n/a	n/a	n/a	n/a	n/a	n/a	n/a	0.00574470404535532	n/a	n/a	n/a	n/a	n/a	n/a
n/a	0.04963936656713486	0.07054668664932251	n/a	n/a	n/a	n/a	n/a	n/a	n/a	n/a	n/a	0.020124366506934166	n/a	n/a	n/a	n/a	n/a	n/a
n/a	0.23142026364803314	0.002166349207982421	n/a	n/a	n/a	n/a	n/a	n/a	n/a	n/a	n/a	0.042736854404211044	n/a	n/a	n/a	n/a	n/a	n/a
n/a	0.4192885756492615	-0.036894120275974274	n/a	n/a	n/a	n/a	n/a	n/a	n/a	n/a	n/a	0.05919602885842323	n/a	n/a	n/a	n/a	n/a	n/a
n/a	0.5473592281341553	-0.06569097191095352	n/a	n/a	n/a	n/a	n/a	n/a	n/a	n/a	n/a	0.04571916162967682	n/a	n/a	n/a	n/a	n/a	n/a
n/a	0.5581223964691162	-0.07913655787706375	n/a	n/a	n/a	n/a	n/a	n/a	n/a	n/a	n/a	-0.006423541344702244	n/a	n/a	n/a	n/a	n/a	n/a
n/a	0.43075326085090637	-0.06127454712986946	n/a	n/a	n/a	n/a	n/a	n/a	n/a	n/a	n/a	-0.08436058461666107	n/a	n/a	n/a	n/a	n/a	n/a
n/a	0.1916055828332901	-0.016959872096776962	n/a	n/a	n/a	n/a	n/a	n/a	n/a	n/a	n/a	-0.16192592680454254	n/a	n/a	n/a	n/a	n/a	n/a
n/a	-0.07918354123830795	0.02774166502058506	n/a	n/a	n/a	n/a	n/a	n/a	n/a	n/a	n/a	-0.2012544721364975	n/a	n/a	n/a	n/a	n/a	n/a
n/a	-0.25625431537628174	0.041814062744379044	n/a	n/a	n/a	n/a	n/a	n/a	n/a	n/a	n/a	-0.16059815883636475	n/a	n/a	n/a	n/a	n/a	n/a
n/a	-0.24170157313346863	0.016806360334157944	n/a	n/a	n/a	n/a	n/a	n/a	n/a	n/a	n/a	-0.03138122335076332	n/a	n/a	n/a	n/a	n/a	n/a
n/a	-0.05899013206362724	-0.01907503604888916	n/a	n/a	n/a	n/a	n/a	n/a	n/a	n/a	n/a	0.13404354453086853	n/a	n/a	n/a	n/a	n/a	n/a
n/a	0.16366428136825562	-0.0484095923602581	n/a	n/a	n/a	n/a	n/a	n/a	n/a	n/a	n/a	0.25457191467285156	n/a	n/a	n/a	n/a	n/a	n/a
n/a	0.30735141038894653	-0.09875538945198059	n/a	n/a	n/a	n/a	n/a	n/a	n/a	n/a	n/a	0.2836228907108307	n/a	n/a	n/a	n/a	n/a	n/a
n/a	0.3254038989543915	-0.19400864839553833	n/a	n/a	n/a	n/a	n/a	n/a	n/a	n/a	n/a	0.2329820841550827	n/a	n/a	n/a	n/a	n/a	n/a
n/a	0.22970245778560638	-0.3080781400203705	n/a	n/a	n/a	n/a	n/a	n/a	n/a	n/a	n/a	0.14928293228149414	n/a	n/a	n/a	n/a	n/a	n/a
n/a	0.06819822639226913	-0.38264116644859314	n/a	n/a	n/a	n/a	n/a	n/a	n/a	n/a	n/a	0.08300112187862396	n/a	n/a	n/a	n/a	n/a	n/a
n/a	-0.10184720158576965	-0.379381388425827	n/a	n/a	n/a	n/a	n/a	n/a	n/a	n/a	n/a	0.060597267001867294	n/a	n/a	n/a	n/a	n/a	n/a
n/a	-0.24030275642871857	-0.3111218214035034	n/a	n/a	n/a	n/a	n/a	n/a	n/a	n/a	n/a	0.07334352284669876	n/a	n/a	n/a	n/a	n/a	n/a
n/a	-0.3272262513637543	-0.2203485518693924	n/a	n/a	n/a	n/a	n/a	n/a	n/a	n/a	n/a	0.09692281484603882	n/a	n/a	n/a	n/a	n/a	n/a
n/a	-0.35942891240119934	-0.14107267558574677	n/a	n/a	n/a	n/a	n/a	n/a	n/a	n/a	n/a	0.11114443093538284	n/a	n/a	n/a	n/a	n/a	n/a
n/a	-0.34372660517692566	-0.07753870636224747	n/a	n/a	n/a	n/a	n/a	n/a	n/a	n/a	n/a	0.1063789650797844	n/a	n/a	n/a	n/a	n/a	n/a
n/a	-0.28296148777008057	-0.007916818372905254	n/a	n/a	n/a	n/a	n/a	n/a	n/a	n/a	n/a	0.08724775165319443	n/a	n/a	n/a	n/a	n/a	n/a
n/a	-0.17841491103172302	0.08085885643959045	n/a	n/a	n/a	n/a	n/a	n/a	n/a	n/a	n/a	0.06452997028827667	n/a	n/a	n/a	n/a	n/a	n/a
n/a	-0.04266558960080147	0.1691795289516449	n/a	n/a	n/a	n/a	n/a	n/a	n/a	n/a	n/a	0.04119183495640755	n/a	n/a	n/a	n/a	n/a	n/a
n/a	0.10177025943994522	0.22889278829097748	n/a	n/a	n/a	n/a	n/a	n/a	n/a	n/a	n/a	0.013278751634061337	n/a	n/a	n/a	n/a	n/a	n/a
n/a	0.2372734695672989	0.25370657444000244	n/a	n/a	n/a	n/a	n/a	n/a	n/a	n/a	n/a	-0.016780758276581764	n/a	n/a	n/a	n/a	n/a	n/a
n/a	0.35624849796295166	0.24949532747268677	n/a	n/a	n/a	n/a	n/a	n/a	n/a	n/a	n/a	-0.039816778153181076	n/a	n/a	n/a	n/a	n/a	n/a
n/a	0.4477802813053131	0.21273618936538696	n/a	n/a	n/a	n/a	n/a	n/a	n/a	n/a	n/a	-0.05542343854904175	n/a	n/a	n/a	n/a	n/a	n/a
n/a	0.4934014081954956	0.138465017080307	n/a	n/a	n/a	n/a	n/a	n/a	n/a	n/a	n/a	-0.07451442629098892	n/a	n/a	n/a	n/a	n/a	n/a
n/a	0.47697699069976807	0.035338401794433594	n/a	n/a	n/a	n/a	n/a	n/a	n/a	n/a	n/a	-0.10971041023731232	n/a	n/a	n/a	n/a	n/a	n/a
n/a	0.3960473835468292	-0.07208330184221268	n/a	n/a	n/a	n/a	n/a	n/a	n/a	n/a	n/a	-0.16603748500347137	n/a	n/a	n/a	n/a	n/a	n/a
n/a	0.27518969774246216	-0.14682887494564056	n/a	n/a	n/a	n/a	n/a	n/a	n/a	n/a	n/a	-0.22939074039459229	n/a	n/a	n/a	n/a	n/a	n/a
n/a	0.15980681777000427	-0.1642499715089798	n/a	n/a	n/a	n/a	n/a	n/a	n/a	n/a	n/a	-0.27281564474105835	n/a	n/a	n/a	n/a	n/a	n/a
n/a	0.08546461910009384	-0.137852743268013	n/a	n/a	n/a	n/a	n/a	n/a	n/a	n/a	n/a	-0.28106698393821716	n/a	n/a	n/a	n/a	n/a	n/a
n/a	0.0627090334892273	-0.09924320876598358	n/a	n/a	n/a	n/a	n/a	n/a	n/a	n/a	n/a	-0.2541039288043976	n/a	n/a	n/a	n/a	n/a	n/a
n/a	0.09057501703500748	-0.056142665445804596	n/a	n/a	n/a	n/a	n/a	n/a	n/a	n/a	n/a	-0.18840451538562775	n/a	n/a	n/a	n/a	n/a	n/a
n/a	0.16272306442260742	0.008588088676333427	n/a	n/a	n/a	n/a	n/a	n/a	n/a	n/a	n/a	-0.0799313336610794	n/a	n/a	n/a	n/a	n/a	n/a
n/a	0.2551092207431793	0.09674368798732758	n/a	n/a	n/a	n/a	n/a	n/a	n/a	n/a	n/a	0.049629807472229004	n/a	n/a	n/a	n/a	n/a	n/a
n/a	0.33379068970680237	0.1817689836025238	n/a	n/a	n/a	n/a	n/a	n/a	n/a	n/a	n/a	0.15675847232341766	n/a	n/a	n/a	n/a	n/a	n/a
n/a	0.38667216897010803	0.24403436481952667	n/a	n/a	n/a	n/a	n/a	n/a	n/a	n/a	n/a	0.21572056412696838	n/a	n/a	n/a	n/a	n/a	n/a
n/a	0.42762088775634766	0.2858101427555084	n/a	n/a	n/a	n/a	n/a	n/a	n/a	n/a	n/a	0.23019471764564514	n/a	n/a	n/a	n/a	n/a	n/a
n/a	0.4604959785938263	0.2991636097431183	n/a	n/a	n/a	n/a	n/a	n/a	n/a	n/a	n/a	0.20003201067447662	n/a	n/a	n/a	n/a	n/a	n/a
n/a	0.46396976709365845	0.2571870982646942	n/a	n/a	n/a	n/a	n/a	n/a	n/a	n/a	n/a	0.11064539104700089	n/a	n/a	n/a	n/a	n/a	n/a
n/a	0.42297255992889404	0.15187621116638184	n/a	n/a	n/a	n/a	n/a	n/a	n/a	n/a	n/a	-0.032970793545246124	n/a	n/a	n/a	n/a	n/a	n/a
n/a	0.3437979817390442	0.001938221394084394	n/a	n/a	n/a	n/a	n/a	n/a	n/a	n/a	n/a	-0.19935762882232666	n/a	n/a	n/a	n/a	n/a	n/a
n/a	0.23330649733543396	-0.1778707653284073	n/a	n/a	n/a	n/a	n/a	n/a	n/a	n/a	n/a	-0.36263298988342285	n/a	n/a	n/a	n/a	n/a	n/a
n/a	0.09829861670732498	-0.371829628944397	n/a	n/a	n/a	n/a	n/a	n/a	n/a	n/a	n/a	-0.5047738552093506	n/a	n/a	n/a	n/a	n/a	n/a
n/a	-0.038217924535274506	-0.5408704876899719	n/a	n/a	n/a	n/a	n/a	n/a	n/a	n/a	n/a	-0.5962303280830383	n/a	n/a	n/a	n/a	n/a	n/a
n/a	-0.1507779359817505	-0.6460727453231812	n/a	n/a	n/a	n/a	n/a	n/a	n/a	n/a	n/a	-0.6110798120498657	n/a	n/a	n/a	n/a	n/a	n/a
n/a	-0.2323058396577835	-0.6763038635253906	n/a	n/a	n/a	n/a	n/a	n/a	n/a	n/a	n/a	-0.5497893691062927	n/a	n/a	n/a	n/a	n/a	n/a
n/a	-0.2818208932876587	-0.6289156675338745	n/a	n/a	n/a	n/a	n/a	n/a	n/a	n/a	n/a	-0.4234679341316223	n/a	n/a	n/a	n/a	n/a	n/a
n/a	-0.2937920391559601	-0.49921953678131104	n/a	n/a	n/a	n/a	n/a	n/a	n/a	n/a	n/a	-0.23875975608825684	n/a	n/a	n/a	n/a	n/a	n/a
n/a	-0.2792646586894989	-0.31061631441116333	n/a	n/a	n/a	n/a	n/a	n/a	n/a	n/a	n/a	-0.019004346802830696	n/a	n/a	n/a	n/a	n/a	n/a
n/a	-0.2709905505180359	-0.11678372323513031	n/a	n/a	n/a	n/a	n/a	n/a	n/a	n/a	n/a	0.18981295824050903	n/a	n/a	n/a	n/a	n/a	n/a
n/a	-0.28663185238838196	0.044382162392139435	n/a	n/a	n/a	n/a	n/a	n/a	n/a	n/a	n/a	0.35718971490859985	n/a	n/a	n/a	n/a	n/a	n/a
n/a	-0.31208112835884094	0.16772358119487762	n/a	n/a	n/a	n/a	n/a	n/a	n/a	n/a	n/a	0.4855687618255615	n/a	n/a	n/a	n/a	n/a	n/a
n/a	-0.3383227288722992	0.24575556814670563	n/a	n/a	n/a	n/a	n/a	n/a	n/a	n/a	n/a	0.5759106874465942	n/a	n/a	n/a	n/a	n/a	n/a
n/a	-0.3814542591571808	0.25608620047569275	n/a	n/a	n/a	n/a	n/a	n/a	n/a	n/a	n/a	0.6106517314910889	n/a	n/a	n/a	n/a	n/a	n/a
n/a	-0.4497148096561432	0.19192765653133392	n/a	n/a	n/a	n/a	n/a	n/a	n/a	n/a	n/a	0.5830610990524292	n/a	n/a	n/a	n/a	n/a	n/a
n/a	-0.5261143445968628	0.06816897541284561	n/a	n/a	n/a	n/a	n/a	n/a	n/a	n/a	n/a	0.5083853006362915	n/a	n/a	n/a	n/a	n/a	n/a
n/a	-0.5915080308914185	-0.10263940691947937	n/a	n/a	n/a	n/a	n/a	n/a	n/a	n/a	n/a	0.4017688035964966	n/a	n/a	n/a	n/a	n/a	n/a
n/a	-0.6342707872390747	-0.30377858877182007	n/a	n/a	n/a	n/a	n/a	n/a	n/a	n/a	n/a	0.2769467234611511	n/a	n/a	n/a	n/a	n/a	n/a
n/a	-0.6455771923065186	-0.500042736530304	n/a	n/a	n/a	n/a	n/a	n/a	n/a	n/a	n/a	0.15506665408611298	n/a	n/a	n/a	n/a	n/a	n/a
n/a	-0.6290798783302307	-0.6633310317993164	n/a	n/a	n/a	n/a	n/a	n/a	n/a	n/a	n/a	0.04696682468056679	n/a	n/a	n/a	n/a	n/a	n/a
n/a	-0.5977781414985657	-0.7857638597488403	n/a	n/a	n/a	n/a	n/a	n/a	n/a	n/a	n/a	-0.05131904035806656	n/a	n/a	n/a	n/a	n/a	n/a
n/a	-0.5510285496711731	-0.8560130000114441	n/a	n/a	n/a	n/a	n/a	n/a	n/a	n/a	n/a	-0.13385872542858124	n/a	n/a	n/a	n/a	n/a	n/a
n/a	-0.4778444766998291	-0.8623812198638916	n/a	n/a	n/a	n/a	n/a	n/a	n/a	n/a	n/a	-0.18728913366794586	n/a	n/a	n/a	n/a	n/a	n/a
n/a	-0.3830617666244507	-0.8163660168647766	n/a	n/a	n/a	n/a	n/a	n/a	n/a	n/a	n/a	-0.21768826246261597	n/a	n/a	n/a	n/a	n/a	n/a
n/a	-0.28133314847946167	-0.7340042591094971	n/a	n/a	n/a	n/a	n/a	n/a	n/a	n/a	n/a	-0.2409300059080124	n/a	n/a	n/a	n/a	n/a	n/a
n/a	-0.17037945985794067	-0.6092525124549866	n/a	n/a	n/a	n/a	n/a	n/a	n/a	n/a	n/a	-0.2544447183609009	n/a	n/a	n/a	n/a	n/a	n/a
n/a	-0.0412425771355629	-0.4411267936229706	n/a	n/a	n/a	n/a	n/a	n/a	n/a	n/a	n/a	-0.24949510395526886	n/a	n/a	n/a	n/a	n/a	n/a
n/a	0.0929449051618576	-0.2603856027126312	n/a	n/a	n/a	n/a	n/a	n/a	n/a	n/a	n/a	-0.2348359376192093	n/a	n/a	n/a	n/a	n/a	n/a
n/a	0.20237572491168976	-0.09932293742895126	n/a	n/a	n/a	n/a	n/a	n/a	n/a	n/a	n/a	-0.22197450697422028	n/a	n/a	n/a	n/a	n/a	n/a
n/a	0.269378125667572	0.03415606915950775	n/a	n/a	n/a	n/a	n/a	n/a	n/a	n/a	n/a	-0.20456260442733765	n/a	n/a	n/a	n/a	n/a	n/a
n/a	0.2985944449901581	0.13493433594703674	n/a	n/a	n/a	n/a	n/a	n/a	n/a	n/a	n/a	-0.17027363181114197	n/a	n/a	n/a	n/a	n/a	n/a
n/a	0.3010382354259491	0.1852552741765976	n/a	n/a	n/a	n/a	n/a	n/a	n/a	n/a	n/a	-0.11926183104515076	n/a	n/a	n/a	n/a	n/a	n/a
n/a	0.2806474566459656	0.17487110197544098	n/a	n/a	n/a	n/a	n/a	n/a	n/a	n/a	n/a	-0.06004556268453598	n/a	n/a	n/a	n/a	n/a	n/a
n/a	0.2433217614889145	0.11688882112503052	n/a	n/a	n/a	n/a	n/a	n/a	n/a	n/a	n/a	0.0031927539967000484	n/a	n/a	n/a	n/a	n/a	n/a
n/a	0.20759017765522003	0.03724902868270874	n/a	n/a	n/a	n/a	n/a	n/a	n/a	n/a	n/a	0.07141542434692383	n/a	n/a	n/a	n/a	n/a	n/a
n/a	0.18766239285469055	-0.035965580493211746	n/a	n/a	n/a	n/a	n/a	n/a	n/a	n/a	n/a	0.14294447004795074	n/a	n/a	n/a	n/a	n/a	n/a
n/a	0.1731518656015396	-0.07464852929115295	n/a	n/a	n/a	n/a	n/a	n/a	n/a	n/a	n/a	0.2093057632446289	n/a	n/a	n/a	n/a	n/a	n/a
n/a	0.14273592829704285	-0.06876952946186066	n/a	n/a	n/a	n/a	n/a	n/a	n/a	n/a	n/a	0.255721777677536	n/a	n/a	n/a	n/a	n/a	n/a
n/a	0.08509720116853714	-0.0417267307639122	n/a	n/a	n/a	n/a	n/a	n/a	n/a	n/a	n/a	0.2639938294887543	n/a	n/a	n/a	n/a	n/a	n/a
n/a	-0.005697917193174362	-0.024507543072104454	n/a	n/a	n/a	n/a	n/a	n/a	n/a	n/a	n/a	0.2212241142988205	n/a	n/a	n/a	n/a	n/a	n/a
n/a	-0.13175493478775024	-0.025676799938082695	n/a	n/a	n/a	n/a	n/a	n/a	n/a	n/a	n/a	0.12905144691467285	n/a	n/a	n/a	n/a	n/a	n/a
n/a	-0.27378222346305847	-0.03980600833892822	n/a	n/a	n/a	n/a	n/a	n/a	n/a	n/a	n/a	0.0027765592094510794	n/a	n/a	n/a	n/a	n/a	n/a
n/a	-0.39700832962989807	-0.060630425810813904	n/a	n/a	n/a	n/a	n/a	n/a	n/a	n/a	n/a	-0.13747325539588928	n/a	n/a	n/a	n/a	n/a	n/a
n/a	-0.48138102889060974	-0.0751657634973526	n/a	n/a	n/a	n/a	n/a	n/a	n/a	n/a	n/a	-0.27218863368034363	n/a	n/a	n/a	n/a	n/a	n/a
n/a	-0.5215485095977783	-0.06958184391260147	n/a	n/a	n/a	n/a	n/a	n/a	n/a	n/a	n/a	-0.3830243945121765	n/a	n/a	n/a	n/a	n/a	n/a
n/a	-0.5072203278541565	-0.04996555671095848	n/a	n/a	n/a	n/a	n/a	n/a	n/a	n/a	n/a	-0.4582812488079071	n/a	n/a	n/a	n/a	n/a	n/a
n/a	-0.4358464181423187	-0.03654628247022629	n/a	n/a	n/a	n/a	n/a	n/a	n/a	n/a	n/a	-0.49874499440193176	n/a	n/a	n/a	n/a	n/a	n/a
n/a	-0.3371472656726837	-0.034266337752342224	n/a	n/a	n/a	n/a	n/a	n/a	n/a	n/a	n/a	-0.512046217918396	n/a	n/a	n/a	n/a	n/a	n/a
n/a	-0.25585317611694336	-0.030532237142324448	n/a	n/a	n/a	n/a	n/a	n/a	n/a	n/a	n/a	-0.5043480396270752	n/a	n/a	n/a	n/a	n/a	n/a
n/a	-0.20957425236701965	-0.018530339002609253	n/a	n/a	n/a	n/a	n/a	n/a	n/a	n/a	n/a	-0.4790319502353668	n/a	n/a	n/a	n/a	n/a	n/a
n/a	-0.1852525919675827	0.00022994313621893525	n/a	n/a	n/a	n/a	n/a	n/a	n/a	n/a	n/a	-0.43788057565689087	n/a	n/a	n/a	n/a	n/a	n/a
n/a	-0.1686742752790451	0.030635956674814224	n/a	n/a	n/a	n/a	n/a	n/a	n/a	n/a	n/a	-0.3822292387485504	n/a	n/a	n/a	n/a	n/a	n/a
n/a	-0.14988332986831665	0.07669062912464142	n/a	n/a	n/a	n/a	n/a	n/a	n/a	n/a	n/a	-0.3164764940738678	n/a	n/a	n/a	n/a	n/a	n/a
n/a	-0.11478545516729355	0.12316757440567017	n/a	n/a	n/a	n/a	n/a	n/a	n/a	n/a	n/a	-0.25284385681152344	n/a	n/a	n/a	n/a	n/a	n/a
n/a	-0.0581432543694973	0.14908304810523987	n/a	n/a	n/a	n/a	n/a	n/a	n/a	n/a	n/a	-0.20772665739059448	n/a	n/a	n/a	n/a	n/a	n/a
n/a	0.006732207722961903	0.15353213250637054	n/a	n/a	n/a	n/a	n/a	n/a	n/a	n/a	n/a	-0.18999281525611877	n/a	n/a	n/a	n/a	n/a	n/a
n/a	0.06548633426427841	0.14769916236400604	n/a	n/a	n/a	n/a	n/a	n/a	n/a	n/a	n/a	-0.19736875593662262	n/a	n/a	n/a	n/a	n/a	n/a
n/a	0.120990090072155	0.13344714045524597	n/a	n/a	n/a	n/a	n/a	n/a	n/a	n/a	n/a	-0.2222486287355423	n/a	n/a	n/a	n/a	n/a	n/a
n/a	0.18033134937286377	0.10675856471061707	n/a	n/a	n/a	n/a	n/a	n/a	n/a	n/a	n/a	-0.2560518682003021	n/a	n/a	n/a	n/a	n/a	n/a
n/a	0.23067645728588104	0.0743606761097908	n/a	n/a	n/a	n/a	n/a	n/a	n/a	n/a	n/a	-0.2894427478313446	n/a	n/a	n/a	n/a	n/a	n/a
n/a	0.24917945265769958	0.051322221755981445	n/a	n/a	n/a	n/a	n/a	n/a	n/a	n/a	n/a	-0.3128252923488617	n/a	n/a	n/a	n/a	n/a	n/a
n/a	0.2281714230775833	0.04146313667297363	n/a	n/a	n/a	n/a	n/a	n/a	n/a	n/a	n/a	-0.3224216401576996	n/a	n/a	n/a	n/a	n/a	n/a
n/a	0.1679220348596573	0.03823840990662575	n/a	n/a	n/a	n/a	n/a	n/a	n/a	n/a	n/a	-0.32448580861091614	n/a	n/a	n/a	n/a	n/a	n/a
n/a	0.06249415874481201	0.04580232873558998	n/a	n/a	n/a	n/a	n/a	n/a	n/a	n/a	n/a	-0.32738977670669556	n/a	n/a	n/a	n/a	n/a	n/a
n/a	-0.07904036343097687	0.07407402247190475	n/a	n/a	n/a	n/a	n/a	n/a	n/a	n/a	n/a	-0.33272308111190796	n/a	n/a	n/a	n/a	n/a	n/a
n/a	-0.21631471812725067	0.11571456491947174	n/a	n/a	n/a	n/a	n/a	n/a	n/a	n/a	n/a	-0.3371593952178955	n/a	n/a	n/a	n/a	n/a	n/a
n/a	-0.306771844625473	0.1533944308757782	n/a	n/a	n/a	n/a	n/a	n/a	n/a	n/a	n/a	-0.3348403573036194	n/a	n/a	n/a	n/a	n/a	n/a
n/a	-0.33316442370414734	0.17916198074817657	n/a	n/a	n/a	n/a	n/a	n/a	n/a	n/a	n/a	-0.31580930948257446	n/a	n/a	n/a	n/a	n/a	n/a
n/a	-0.2970999479293823	0.18687357008457184	n/a	n/a	n/a	n/a	n/a	n/a	n/a	n/a	n/a	-0.2720380127429962	n/a	n/a	n/a	n/a	n/a	n/a
n/a	-0.2107168436050415	0.167213574051857	n/a	n/a	n/a	n/a	n/a	n/a	n/a	n/a	n/a	-0.2047780454158783	n/a	n/a	n/a	n/a	n/a	n/a
n/a	-0.0962885394692421	0.1275375783443451	n/a	n/a	n/a	n/a	n/a	n/a	n/a	n/a	n/a	-0.11898576468229294	n/a	n/a	n/a	n/a	n/a	n/a
n/a	0.01863614283502102	0.09228084236383438	n/a	n/a	n/a	n/a	n/a	n/a	n/a	n/a	n/a	-0.019823163747787476	n/a	n/a	n/a	n/a	n/a	n/a
n/a	0.10726452618837357	0.07679160684347153	n/a	n/a	n/a	n/a	n/a	n/a	n/a	n/a	n/a	0.08076085895299911	n/a	n/a	n/a	n/a	n/a	n/a
n/a	0.14999689161777496	0.08763321489095688	n/a	n/a	n/a	n/a	n/a	n/a	n/a	n/a	n/a	0.17012307047843933	n/a	n/a	n/a	n/a	n/a	n/a
n/a	0.14344848692417145	0.13747142255306244	n/a	n/a	n/a	n/a	n/a	n/a	n/a	n/a	n/a	0.24784770607948303	n/a	n/a	n/a	n/a	n/a	n/a
n/a	0.10288198292255402	0.22585169970989227	n/a	n/a	n/a	n/a	n/a	n/a	n/a	n/a	n/a	0.31841200590133667	n/a	n/a	n/a	n/a	n/a	n/a
n/a	0.04956717789173126	0.3270282447338104	n/a	n/a	n/a	n/a	n/a	n/a	n/a	n/a	n/a	0.3800748586654663	n/a	n/a	n/a	n/a	n/a	n/a
n/a	-0.0021921051666140556	0.42525842785835266	n/a	n/a	n/a	n/a	n/a	n/a	n/a	n/a	n/a	0.4339914321899414	n/a	n/a	n/a	n/a	n/a	n/a
n/a	-0.04214712232351303	0.5314860343933105	n/a	n/a	n/a	n/a	n/a	n/a	n/a	n/a	n/a	0.4894419014453888	n/a	n/a	n/a	n/a	n/a	n/a
n/a	-0.062168486416339874	0.646979033946991	n/a	n/a	n/a	n/a	n/a	n/a	n/a	n/a	n/a	0.5475643873214722	n/a	n/a	n/a	n/a	n/a	n/a
n/a	-0.06710829585790634	0.7486128807067871	n/a	n/a	n/a	n/a	n/a	n/a	n/a	n/a	n/a	0.5953270792961121	n/a	n/a	n/a	n/a	n/a	n/a
n/a	-0.07420818507671356	0.8179851174354553	n/a	n/a	n/a	n/a	n/a	n/a	n/a	n/a	n/a	0.6217169761657715	n/a	n/a	n/a	n/a	n/a	n/a
n/a	-0.09500648826360703	0.8448801040649414	n/a	n/a	n/a	n/a	n/a	n/a	n/a	n/a	n/a	0.6231251955032349	n/a	n/a	n/a	n/a	n/a	n/a
n/a	-0.1284419447183609	0.8128284811973572	n/a	n/a	n/a	n/a	n/a	n/a	n/a	n/a	n/a	0.5958953499794006	n/a	n/a	n/a	n/a	n/a	n/a
n/a	-0.17531581223011017	0.7191154360771179	n/a	n/a	n/a	n/a	n/a	n/a	n/a	n/a	n/a	0.5392318964004517	n/a	n/a	n/a	n/a	n/a	n/a
n/a	-0.24473722279071808	0.5848612189292908	n/a	n/a	n/a	n/a	n/a	n/a	n/a	n/a	n/a	0.4580341577529907	n/a	n/a	n/a	n/a	n/a	n/a
n/a	-0.3370211720466614	0.4253096580505371	n/a	n/a	n/a	n/a	n/a	n/a	n/a	n/a	n/a	0.3569185435771942	n/a	n/a	n/a	n/a	n/a	n/a
n/a	-0.4387262165546417	0.2438952624797821	n/a	n/a	n/a	n/a	n/a	n/a	n/a	n/a	n/a	0.240860715508461	n/a	n/a	n/a	n/a	n/a	n/a
n/a	-0.5351888537406921	0.05923503637313843	n/a	n/a	n/a	n/a	n/a	n/a	n/a	n/a	n/a	0.12330497801303864	n/a	n/a	n/a	n/a	n/a	n/a
n/a	-0.6037868857383728	-0.10026142746210098	n/a	n/a	n/a	n/a	n/a	n/a	n/a	n/a	n/a	0.02635928988456726	n/a	n/a	n/a	n/a	n/a	n/a
n/a	-0.6071131825447083	-0.22429566085338593	n/a	n/a	n/a	n/a	n/a	n/a	n/a	n/a	n/a	-0.028935983777046204	n/a	n/a	n/a	n/a	n/a	n/a
n/a	-0.5178698897361755	-0.31252726912498474	n/a	n/a	n/a	n/a	n/a	n/a	n/a	n/a	n/a	-0.029164422303438187	n/a	n/a	n/a	n/a	n/a	n/a
n/a	-0.34510108828544617	-0.3550466299057007	n/a	n/a	n/a	n/a	n/a	n/a	n/a	n/a	n/a	0.02865205518901348	n/a	n/a	n/a	n/a	n/a	n/a
n/a	-0.1317352056503296	-0.34809836745262146	n/a	n/a	n/a	n/a	n/a	n/a	n/a	n/a	n/a	0.12949511408805847	n/a	n/a	n/a	n/a	n/a	n/a
n/a	0.06772316247224808	-0.31254005432128906	n/a	n/a	n/a	n/a	n/a	n/a	n/a	n/a	n/a	0.24032051861286163	n/a	n/a	n/a	n/a	n/a	n/a
n/a	0.21486017107963562	-0.27192461490631104	n/a	n/a	n/a	n/a	n/a	n/a	n/a	n/a	n/a	0.33223414421081543	n/a	n/a	n/a	n/a	n/a	n/a
n/a	0.30340611934661865	-0.22406582534313202	n/a	n/a	n/a	n/a	n/a	n/a	n/a	n/a	n/a	0.4012352228164673	n/a	n/a	n/a	n/a	n/a	n/a
n/a	0.3492997884750366	-0.1579618602991104	n/a	n/a	n/a	n/a	n/a	n/a	n/a	n/a	n/a	0.4552786350250244	n/a	n/a	n/a	n/a	n/a	n/a
n/a	0.3688705563545227	-0.08332287520170212	n/a	n/a	n/a	n/a	n/a	n/a	n/a	n/a	n/a	0.4909633696079254	n/a	n/a	n/a	n/a	n/a	n/a
n/a	0.3691243827342987	-0.0151835260912776	n/a	n/a	n/a	n/a	n/a	n/a	n/a	n/a	n/a	0.5015999674797058	n/a	n/a	n/a	n/a	n/a	n/a
n/a	0.35291212797164917	0.04994665086269379	n/a	n/a	n/a	n/a	n/a	n/a	n/a	n/a	n/a	0.4948480725288391	n/a	n/a	n/a	n/a	n/a	n/a
n/a	0.3293481767177582	0.11515361815690994	n/a	n/a	n/a	n/a	n/a	n/a	n/a	n/a	n/a	0.4820348620414734	n/a	n/a	n/a	n/a	n/a	n/a
n/a	0.31621426343917847	0.16594013571739197	n/a	n/a	n/a	n/a	n/a	n/a	n/a	n/a	n/a	0.4619777202606201	n/a	n/a	n/a	n/a	n/a	n/a
n/a	0.3275705575942993	0.19481700658798218	n/a	n/a	n/a	n/a	n/a	n/a	n/a	n/a	n/a	0.430142879486084	n/a	n/a	n/a	n/a	n/a	n/a
n/a	0.3647739887237549	0.2185872495174408	n/a	n/a	n/a	n/a	n/a	n/a	n/a	n/a	n/a	0.39319875836372375	n/a	n/a	n/a	n/a	n/a	n/a
n/a	0.42289113998413086	0.25330299139022827	n/a	n/a	n/a	n/a	n/a	n/a	n/a	n/a	n/a	0.36068931221961975	n/a	n/a	n/a	n/a	n/a	n/a
n/a	0.4950881004333496	0.29588910937309265	n/a	n/a	n/a	n/a	n/a	n/a	n/a	n/a	n/a	0.33055728673934937	n/a	n/a	n/a	n/a	n/a	n/a
n/a	0.5698258876800537	0.3483094871044159	n/a	n/a	n/a	n/a	n/a	n/a	n/a	n/a	n/a	0.29777926206588745	n/a	n/a	n/a	n/a	n/a	n/a
n/a	0.6326373219490051	0.43026497960090637	n/a	n/a	n/a	n/a	n/a	n/a	n/a	n/a	n/a	0.26587873697280884	n/a	n/a	n/a	n/a	n/a	n/a
n/a	0.6679242849349976	0.5432097315788269	n/a	n/a	n/a	n/a	n/a	n/a	n/a	n/a	n/a	0.23293885588645935	n/a	n/a	n/a	n/a	n/a	n/a
n/a	0.6562241911888123	0.6514549851417542	n/a	n/a	n/a	n/a	n/a	n/a	n/a	n/a	n/a	0.18144960701465607	n/a	n/a	n/a	n/a	n/a	n/a
n/a	0.5820885896682739	0.717025637626648	n/a	n/a	n/a	n/a	n/a	n/a	n/a	n/a	n/a	0.09820929914712906	n/a	n/a	n/a	n/a	n/a	n/a
n/a	0.45098331570625305	0.7199865579605103	n/a	n/a	n/a	n/a	n/a	n/a	n/a	n/a	n/a	-0.0114730354398489	n/a	n/a	n/a	n/a	n/a	n/a
n/a	0.28901493549346924	0.639491856098175	n/a	n/a	n/a	n/a	n/a	n/a	n/a	n/a	n/a	-0.13759732246398926	n/a	n/a	n/a	n/a	n/a	n/a
n/a	0.12386748939752579	0.4556064009666443	n/a	n/a	n/a	n/a	n/a	n/a	n/a	n/a	n/a	-0.274025022983551	n/a	n/a	n/a	n/a	n/a	n/a
n/a	-0.030011391267180443	0.17970050871372223	n/a	n/a	n/a	n/a	n/a	n/a	n/a	n/a	n/a	-0.4081527888774872	n/a	n/a	n/a	n/a	n/a	n/a
n/a	-0.16966240108013153	-0.1437397450208664	n/a	n/a	n/a	n/a	n/a	n/a	n/a	n/a	n/a	-0.5200055241584778	n/a	n/a	n/a	n/a	n/a	n/a
n/a	-0.28994521498680115	-0.4701702296733856	n/a	n/a	n/a	n/a	n/a	n/a	n/a	n/a	n/a	-0.5972501039505005	n/a	n/a	n/a	n/a	n/a	n/a
n/a	-0.3747160732746124	-0.766652524471283	n/a	n/a	n/a	n/a	n/a	n/a	n/a	n/a	n/a	-0.6377695202827454	n/a	n/a	n/a	n/a	n/a	n/a
n/a	-0.4046647846698761	-0.9918839931488037	n/a	n/a	n/a	n/a	n/a	n/a	n/a	n/a	n/a	-0.6338010430335999	n/a	n/a	n/a	n/a	n/a	n/a
n/a	-0.37154850363731384	-1.099754810333252	n/a	n/a	n/a	n/a	n/a	n/a	n/a	n/a	n/a	-0.569970428943634	n/a	n/a	n/a	n/a	n/a	n/a
n/a	-0.28792592883110046	-1.0772145986557007	n/a	n/a	n/a	n/a	n/a	n/a	n/a	n/a	n/a	-0.4472750425338745	n/a	n/a	n/a	n/a	n/a	n/a
n/a	-0.18606418371200562	-0.9531932473182678	n/a	n/a	n/a	n/a	n/a	n/a	n/a	n/a	n/a	-0.2938178479671478	n/a	n/a	n/a	n/a	n/a	n/a
n/a	-0.09674013406038284	-0.7607601284980774	n/a	n/a	n/a	n/a	n/a	n/a	n/a	n/a	n/a	-0.13905565440654755	n/a	n/a	n/a	n/a	n/a	n/a
n/a	-0.031026791781187057	-0.5199747681617737	n/a	n/a	n/a	n/a	n/a	n/a	n/a	n/a	n/a	0.004734846763312817	n/a	n/a	n/a	n/a	n/a	n/a
n/a	0.00998277310281992	-0.25823402404785156	n/a	n/a	n/a	n/a	n/a	n/a	n/a	n/a	n/a	0.1277327537536621	n/a	n/a	n/a	n/a	n/a	n/a
n/a	0.022171050310134888	-0.006912178359925747	n/a	n/a	n/a	n/a	n/a	n/a	n/a	n/a	n/a	0.2169570028781891	n/a	n/a	n/a	n/a	n/a	n/a
n/a	0.004441006109118462	0.22205829620361328	n/a	n/a	n/a	n/a	n/a	n/a	n/a	n/a	n/a	0.27389711141586304	n/a	n/a	n/a	n/a	n/a	n/a
n/a	-0.03286868333816528	0.419291228055954	n/a	n/a	n/a	n/a	n/a	n/a	n/a	n/a	n/a	0.31231987476348877	n/a	n/a	n/a	n/a	n/a	n/a
n/a	-0.08010435849428177	0.5461255311965942	n/a	n/a	n/a	n/a	n/a	n/a	n/a	n/a	n/a	0.33102357387542725	n/a	n/a	n/a	n/a	n/a	n/a
n/a	-0.14708475768566132	0.5580078959465027	n/a	n/a	n/a	n/a	n/a	n/a	n/a	n/a	n/a	0.30857816338539124	n/a	n/a	n/a	n/a	n/a	n/a
n/a	-0.24941276013851166	0.4558635652065277	n/a	n/a	n/a	n/a	n/a	n/a	n/a	n/a	n/a	0.232539564371109	n/a	n/a	n/a	n/a	n/a	n/a
n/a	-0.3756774067878723	0.2852128744125366	n/a	n/a	n/a	n/a	n/a	n/a	n/a	n/a	n/a	0.11733609437942505	n/a	n/a	n/a	n/a	n/a	n/a
n/a	-0.48496225476264954	0.09177979826927185	n/a	n/a	n/a	n/a	n/a	n/a	n/a	n/a	n/a	-0.010996075347065926	n/a	n/a	n/a	n/a	n/a	n/a
n/a	-0.530893087387085	-0.09117887169122696	n/a	n/a	n/a	n/a	n/a	n/a	n/a	n/a	n/a	-0.12603095173835754	n/a	n/a	n/a	n/a	n/a	n/a
n/a	-0.4812198281288147	-0.22370870411396027	n/a	n/a	n/a	n/a	n/a	n/a	n/a	n/a	n/a	-0.19593720138072968	n/a	n/a	n/a	n/a	n/a	n/a
n/a	-0.32946258783340454	-0.27077698707580566	n/a	n/a	n/a	n/a	n/a	n/a	n/a	n/a	n/a	-0.1960040032863617	n/a	n/a	n/a	n/a	n/a	n/a
n/a	-0.1036302000284195	-0.23328319191932678	n/a	n/a	n/a	n/a	n/a	n/a	n/a	n/a	n/a	-0.1328059732913971	n/a	n/a	n/a	n/a	n/a	n/a
n/a	0.13464421033859253	-0.13540786504745483	n/a	n/a	n/a	n/a	n/a	n/a	n/a	n/a	n/a	-0.0365852415561676	n/a	n/a	n/a	n/a	n/a	n/a
n/a	0.3155778646469116	0.011777488514780998	n/a	n/a	n/a	n/a	n/a	n/a	n/a	n/a	n/a	0.07064969092607498	n/a	n/a	n/a	n/a	n/a	n/a
n/a	0.4030023217201233	0.19774185121059418	n/a	n/a	n/a	n/a	n/a	n/a	n/a	n/a	n/a	0.17948506772518158	n/a	n/a	n/a	n/a	n/a	n/a
n/a	0.40699124336242676	0.3741888105869293	n/a	n/a	n/a	n/a	n/a	n/a	n/a	n/a	n/a	0.2706156373023987	n/a	n/a	n/a	n/a	n/a	n/a
n/a	0.3555159568786621	0.47641298174858093	n/a	n/a	n/a	n/a	n/a	n/a	n/a	n/a	n/a	0.3169919550418854	n/a	n/a	n/a	n/a	n/a	n/a
n/a	0.2716468870639801	0.47980523109436035	n/a	n/a	n/a	n/a	n/a	n/a	n/a	n/a	n/a	0.30989646911621094	n/a	n/a	n/a	n/a	n/a	n/a
n/a	0.17848967015743256	0.4009397625923157	n/a	n/a	n/a	n/a	n/a	n/a	n/a	n/a	n/a	0.2620357573032379	n/a	n/a	n/a	n/a	n/a	n/a
n/a	0.1023726835846901	0.261392742395401	n/a	n/a	n/a	n/a	n/a	n/a	n/a	n/a	n/a	0.1874735951423645	n/a	n/a	n/a	n/a	n/a	n/a
n/a	0.05809337645769119	0.08383402228355408	n/a	n/a	n/a	n/a	n/a	n/a	n/a	n/a	n/a	0.09320700913667679	n/a	n/a	n/a	n/a	n/a	n/a
n/a	0.04132532328367233	-0.096934013068676	n/a	n/a	n/a	n/a	n/a	n/a	n/a	n/a	n/a	-0.013449142687022686	n/a	n/a	n/a	n/a	n/a	n/a
n/a	0.040789492428302765	-0.24750761687755585	n/a	n/a	n/a	n/a	n/a	n/a	n/a	n/a	n/a	-0.12055537104606628	n/a	n/a	n/a	n/a	n/a	n/a
